First Name,Last Name,Email,Phone,Gender,Age,Job Title,Years Of Experience,Salary,Department,Tax
Jose,Lopez,joselopez0944@slingacademy.com,+1-971-533-4552x1542,male,25,Project Manager,1,8500,Product,850.0
Diane,Carter,dianecarter1228@slingacademy.com,881.633.0107,female,26,Machine Learning Engineer,2,7000,Product,700.0
Shawn,Foster,shawnfoster2695@slingacademy.com,001-966-861-0065x493,male,37,Project Manager,14,17000,Product,1700.0
Brenda,Fisher,brendafisher3185@slingacademy.com,001-574-564-4648,female,31,Web Developer,8,10000,Product,1000.0
Sean,Hunter,seanhunter4753@slingacademy.com,5838355842,male,35,Project Manager,11,14500,Product,1450.0
Joshua,Jacobs,joshuajacobs5904@slingacademy.com,053-913-2609,male,28,Project Manager,3,10500,Product,1050.0
Brianna,Marshall,briannamarshall6438@slingacademy.com,701-932-8553,female,33,Machine Learning Engineer,10,11000,Product,1100.0
John,Tate,johntate7881@slingacademy.com,001-889-992-5260x62725,male,33,Mobile Developer,10,11000,Product,1100.0
Jillian,Byrd,jillianbyrd8170@slingacademy.com,077-635-0084x1647,female,34,Web Developer,10,11000,Product,1100.0
Melanie,Sharp,melaniesharp9256@slingacademy.com,(848)212-0230,female,41,Web Developer,15,14500,Product,1450.0
Brandy,Mckee,brandymckee10500@slingacademy.com,001-085-315-6112x464,female,37,Web Developer,14,14000,Product,1400.0
Robert,Simpson,robertsimpson11778@slingacademy.com,496-469-5331x659,male,36,DevOps Engineer,12,15000,Product,1500.0
George,Mckenzie,georgemckenzie12384@slingacademy.com,(843)416-2489,male,28,Machine Learning Engineer,4,10000,Product,1000.0
Joseph,Smith,josephsmith13724@slingacademy.com,+1-380-230-4166,male,40,Machine Learning Engineer,14,14000,Product,1400.0
Dana,Crawford,danacrawford14310@slingacademy.com,(848)716-0019x0240,female,32,Project Manager,8,12000,Product,1200.0
Christopher,Benson,christopherbenson15937@slingacademy.com,+1-368-801-2914x8616,male,29,Web Developer,5,7500,Product,750.0
Nicole,Smith,nicolesmith16360@slingacademy.com,289.372.5080x2156,female,26,Designer,4,10000,Product,1000.0
Peter,Jimenez,peterjimenez17791@slingacademy.com,001-535-827-3787x317,male,28,Mobile Developer,3,6500,Product,650.0
Sergio,Boyle,sergioboyle18425@slingacademy.com,3027626274,male,31,Tester,6,9000,Product,900.0
Brianna,Moss,briannamoss19517@slingacademy.com,+1-529-287-4857x163,female,31,Designer,5,10500,Product,1050.0
Taylor,Garner,taylorgarner20196@slingacademy.com,931-244-1612x38767,female,32,Machine Learning Engineer,6,11000,Product,1100.0
Michael,Padilla,michaelpadilla21381@slingacademy.com,(787)446-1738,male,29,Tester,5,9500,Product,950.0
Yvette,Walker,yvettewalker22744@slingacademy.com,154-489-0248,female,26,Designer,2,7000,Product,700.0
Kristina,Pena,kristinapena23750@slingacademy.com,+1-099-174-5458x294,female,34,DevOps Engineer,11,12500,Product,1250.0
Vanessa,Reynolds,vanessareynolds24710@slingacademy.com,+1-357-911-9617x44729,female,36,Machine Learning Engineer,10,13000,Product,1300.0
Robert,Suarez,robertsuarez25924@slingacademy.com,+1-121-053-2698x314,male,33,Tester,9,9500,Product,950.0
Tammy,Ellis,tammyellis26570@slingacademy.com,029.476.5817x88014,female,37,HR Manager,14,14000,Human Resource,1400.0
Rodney,Porter,rodneyporter27496@slingacademy.com,+1-508-187-4826,male,28,DevOps Engineer,3,9500,Product,950.0
David,Reyes,davidreyes28592@slingacademy.com,(725)355-0896x3876,male,25,Designer,2,7000,Product,700.0
Brian,Kirby,briankirby29574@slingacademy.com,458.110.0220x9710,male,31,Machine Learning Engineer,8,10000,Product,1000.0
Tammy,Walker,tammywalker30386@slingacademy.com,+1-810-034-9706x602,female,31,Web Developer,7,8500,Product,850.0
Angela,Stewart,angelastewart31951@slingacademy.com,745-157-5520,female,34,HR Manager,10,10000,Human Resource,1000.0
Susan,Parker,susanparker32865@slingacademy.com,255.599.0102,female,25,DevOps Engineer,3,8500,Product,850.0
Robert,Hogan,roberthogan33599@slingacademy.com,1138662041,male,24,Tester,2,7000,Product,700.0
Dawn,Pham,dawnpham34908@slingacademy.com,(106)836-9118x102,female,27,Designer,4,9000,Product,900.0
Karen,Duke,karenduke35869@slingacademy.com,622.245.2756,female,29,DevOps Engineer,6,11000,Product,1100.0
Julian,Thompson,julianthompson36437@slingacademy.com,392.181.9671x23227,male,28,Machine Learning Engineer,4,7000,Product,700.0
Daisy,Perry,daisyperry37789@slingacademy.com,+1-921-685-9612x0086,female,30,Tester,5,9500,Product,950.0
Sarah,Smith,sarahsmith38793@slingacademy.com,(110)771-1347x58805,female,24,Machine Learning Engineer,2,6000,Product,600.0
Eric,Randolph,ericrandolph39291@slingacademy.com,001-048-278-1814x8904,male,29,Designer,5,8500,Product,850.0
William,Keller,williamkeller40838@slingacademy.com,903-521-4220x53915,male,30,Web Developer,4,8000,Product,800.0
George,Salas,georgesalas41217@slingacademy.com,088.890.2450x1927,male,35,Web Developer,11,10500,Product,1050.0
Alyssa,Archer,alyssaarcher42600@slingacademy.com,001-335-037-7267x43704,female,35,DevOps Engineer,13,15500,Product,1550.0
Daniel,Wagner,danielwagner43907@slingacademy.com,001-038-830-2184x508,male,35,HR Manager,11,12500,Human Resource,1250.0
David,Howard,davidhoward44518@slingacademy.com,(940)475-4836,male,33,Machine Learning Engineer,9,11500,Product,1150.0
Brett,Friedman,brettfriedman45236@slingacademy.com,+1-548-885-3476x195,male,34,HR Manager,10,10000,Human Resource,1000.0
Shaun,Harris,shaunharris46875@slingacademy.com,(279)621-2475,male,23,Designer,1,6500,Product,650.0
Jason,Morris,jasonmorris47229@slingacademy.com,001-588-064-2677x4053,male,28,DevOps Engineer,5,9500,Product,950.0
Jesse,Mcdaniel,jessemcdaniel48348@slingacademy.com,600-434-1206x901,male,35,Mobile Developer,11,11500,Product,1150.0
Jessica,Torres,jessicatorres49971@slingacademy.com,547-005-1763x2506,female,33,HR Manager,7,9500,Human Resource,950.0
Bradley,Garcia,bradleygarcia50896@slingacademy.com,(267)794-5965,male,29,Designer,3,6500,Product,650.0
Christopher,Walker,christopherwalker51808@slingacademy.com,954.740.2159,male,25,Mobile Developer,1,5500,Product,550.0
Jason,Boyd,jasonboyd52182@slingacademy.com,001-199-903-4307x52539,male,39,Designer,14,15000,Product,1500.0
Colleen,Cooper,colleencooper53362@slingacademy.com,001-075-516-4089x887,female,32,Machine Learning Engineer,7,10500,Product,1050.0
Laurie,Robinson,laurierobinson54980@slingacademy.com,989.611.2546,female,38,Mobile Developer,15,13500,Product,1350.0
Tiffany,Novak,tiffanynovak55365@slingacademy.com,528-213-5280x73418,female,35,Mobile Developer,12,12000,Product,1200.0
Sophia,Coleman,sophiacoleman56563@slingacademy.com,101.121.4803x8420,female,40,Tester,15,13500,Product,1350.0
Jodi,Harris,jodiharris57145@slingacademy.com,001-466-805-0485,female,34,DevOps Engineer,9,13500,Product,1350.0
Michael,Calhoun,michaelcalhoun58176@slingacademy.com,001-931-707-3027,male,23,Web Developer,1,7500,Product,750.0
Aaron,Tran,aarontran59178@slingacademy.com,+1-121-704-1976x1624,male,40,DevOps Engineer,15,16500,Product,1650.0
Karen,Aguirre,karenaguirre60547@slingacademy.com,+1-159-954-5997x959,female,36,Web Developer,13,13500,Product,1350.0
Danielle,Morrison,daniellemorrison61394@slingacademy.com,001-256-780-2930x98623,female,31,HR Manager,7,9500,Human Resource,950.0
Amanda,Thomas,amandathomas62614@slingacademy.com,001-629-462-1944,female,28,Web Developer,6,9000,Product,900.0
Sarah,Spencer,sarahspencer63772@slingacademy.com,(025)089-0360,female,36,Tester,14,14000,Product,1400.0
Jessica,Ho,jessicaho64531@slingacademy.com,251-289-1532,female,34,DevOps Engineer,10,12000,Product,1200.0
Kristy,Rhodes,kristyrhodes65269@slingacademy.com,001-482-958-2236x124,female,40,Web Developer,15,13500,Product,1350.0
Joseph,Hobbs,josephhobbs66797@slingacademy.com,114.830.3568x128,male,26,Mobile Developer,1,7500,Product,750.0
Allison,Matthews,allisonmatthews67756@slingacademy.com,(394)302-9258,female,35,Web Developer,12,12000,Product,1200.0
James,Phillips,jamesphillips68522@slingacademy.com,(733)967-0336,male,40,Web Developer,15,14500,Product,1450.0
Philip,Thomas,philipthomas69207@slingacademy.com,592-756-5695x9778,male,38,DevOps Engineer,12,15000,Product,1500.0
Dawn,Walker,dawnwalker70868@slingacademy.com,+1-173-846-6935x7118,female,31,Mobile Developer,6,10000,Product,1000.0
Denise,Lopez,deniselopez71911@slingacademy.com,597.328.1460,female,31,Designer,5,9500,Product,950.0
Gregory,House,gregoryhouse72945@slingacademy.com,1541376919,male,34,HR Manager,9,9500,Human Resource,950.0
Stacie,Diaz,staciediaz73929@slingacademy.com,110.987.1187x01990,female,31,Machine Learning Engineer,6,11000,Product,1100.0
Barbara,Burns,barbaraburns74284@slingacademy.com,001-724-808-4339x05491,female,33,Web Developer,11,10500,Product,1050.0
Jessica,Cortez,jessicacortez75317@slingacademy.com,768.794.6062,female,39,Tester,14,12000,Product,1200.0
Daniel,Hernandez,danielhernandez76747@slingacademy.com,+1-653-006-3659,male,33,Tester,7,9500,Product,950.0
Eugene,Diaz,eugenediaz77610@slingacademy.com,625.556.6039x715,male,29,Machine Learning Engineer,3,9500,Product,950.0
Earl,Nelson,earlnelson78644@slingacademy.com,001-666-637-1061,male,34,Web Developer,11,12500,Product,1250.0
Elizabeth,Jackson,elizabethjackson79562@slingacademy.com,129-182-2223x8234,female,28,DevOps Engineer,3,8500,Product,850.0
John,Martinez,johnmartinez80595@slingacademy.com,001-116-711-6587,male,26,Web Developer,4,7000,Product,700.0
Wesley,Shaw,wesleyshaw81546@slingacademy.com,0250878834,male,26,Mobile Developer,1,6500,Product,650.0
Michael,Davila,michaeldavila82958@slingacademy.com,9179864827,male,40,DevOps Engineer,14,16000,Product,1600.0
Heidi,Hill,heidihill83123@slingacademy.com,+1-480-021-8701x17016,female,40,Tester,15,12500,Product,1250.0
Yvonne,Bass,yvonnebass84513@slingacademy.com,+1-872-139-6739x9455,female,33,Tester,8,9000,Product,900.0
Jamie,Jones,jamiejones85266@slingacademy.com,001-039-712-8015,female,24,Web Developer,1,6500,Product,650.0
Brady,Washington,bradywashington86649@slingacademy.com,(720)496-1780x5033,male,23,Designer,1,5500,Product,550.0
Michael,Rivera,michaelrivera87962@slingacademy.com,243-399-1129,male,29,Web Developer,3,6500,Product,650.0
Angela,Morales,angelamorales88595@slingacademy.com,(340)684-6223x44918,female,28,Web Developer,4,9000,Product,900.0
Larry,Moore,larrymoore89266@slingacademy.com,320.169.9790x514,male,28,Web Developer,5,7500,Product,750.0
Veronica,Oliver,veronicaoliver90922@slingacademy.com,629-088-9248x536,female,25,Tester,2,7000,Product,700.0
Clayton,Smith,claytonsmith91214@slingacademy.com,8318062400,male,27,Mobile Developer,2,6000,Product,600.0
Tamara,Randall,tamararandall92432@slingacademy.com,001-483-384-8547x78248,female,32,Mobile Developer,10,11000,Product,1100.0
Amy,Vaughn,amyvaughn93722@slingacademy.com,542.795.3600x28212,female,28,Designer,5,11500,Product,1150.0
Larry,Chapman,larrychapman94932@slingacademy.com,001-539-747-0649,male,35,Designer,12,12000,Product,1200.0
Eugene,Mcintyre,eugenemcintyre95994@slingacademy.com,481-160-8125,male,25,HR Manager,2,7000,Human Resource,700.0
Patricia,Suarez,patriciasuarez96379@slingacademy.com,(674)788-1168x659,female,41,Designer,15,16500,Product,1650.0
Melissa,Vasquez,melissavasquez97165@slingacademy.com,490-884-4764,female,35,DevOps Engineer,10,12000,Product,1200.0
Stephanie,Hodges,stephaniehodges98715@slingacademy.com,001-651-909-2654x62888,female,38,Web Developer,14,14000,Product,1400.0
Brian,Watkins,brianwatkins99160@slingacademy.com,2648820032,male,32,Web Developer,10,11000,Product,1100.0
Zachary,Ellis,zacharyellis100141@slingacademy.com,+1-485-616-5391x8807,male,34,Tester,12,12000,Product,1200.0
Mark,Maxwell,markmaxwell101603@slingacademy.com,137-430-7223,male,28,Tester,4,9000,Product,900.0
Jill,Farmer,jillfarmer102620@slingacademy.com,0571661198,female,26,DevOps Engineer,4,9000,Product,900.0
Rhonda,Park,rhondapark103796@slingacademy.com,498-878-6219,female,35,DevOps Engineer,12,13000,Product,1300.0
Jessica,Park,jessicapark104881@slingacademy.com,874-348-4705,female,26,HR Manager,1,5500,Human Resource,550.0
Keith,Bender,keithbender105366@slingacademy.com,001-243-891-5674x423,male,35,Machine Learning Engineer,10,10000,Product,1000.0
Andrew,Silva,andrewsilva106948@slingacademy.com,3782883279,male,35,HR Manager,12,11000,Human Resource,1100.0
John,Escobar,johnescobar107306@slingacademy.com,661.598.4267x044,male,34,Mobile Developer,8,10000,Product,1000.0
Savannah,Woods,savannahwoods108924@slingacademy.com,(084)639-6565x41150,female,23,Web Developer,1,5500,Product,550.0
Cameron,Solis,cameronsolis109983@slingacademy.com,+1-654-849-0805x279,male,36,Machine Learning Engineer,14,14000,Product,1400.0
Patrick,Johnson,patrickjohnson110856@slingacademy.com,+1-538-767-6692x1656,male,36,Tester,12,13000,Product,1300.0
Nathan,Oconnor,nathanoconnor111395@slingacademy.com,189.488.8815x56036,male,37,Mobile Developer,11,11500,Product,1150.0
Felicia,Fox,feliciafox112789@slingacademy.com,001-231-826-1761x9193,female,38,Web Developer,12,11000,Product,1100.0
Nicole,Davis,nicoledavis113588@slingacademy.com,+1-352-114-7038x011,female,26,Web Developer,1,5500,Product,550.0
Gregory,Kirk,gregorykirk114408@slingacademy.com,(622)794-0249x585,male,39,Machine Learning Engineer,13,11500,Product,1150.0
Ashley,Carrillo,ashleycarrillo115726@slingacademy.com,001-097-500-5888,female,37,Tester,12,12000,Product,1200.0
Brandon,White,brandonwhite116729@slingacademy.com,+1-197-659-8290x36913,male,31,Machine Learning Engineer,7,8500,Product,850.0
Joshua,Miles,joshuamiles117429@slingacademy.com,+1-810-231-0550,male,29,Web Developer,5,7500,Product,750.0
Gabriel,Shannon,gabrielshannon118996@slingacademy.com,001-435-888-3180x25244,male,33,DevOps Engineer,11,13500,Product,1350.0
Charles,Chan,charleschan119980@slingacademy.com,077-570-4283,male,26,Machine Learning Engineer,2,7000,Product,700.0
Stephanie,Hill,stephaniehill120240@slingacademy.com,(765)304-0263x230,female,38,DevOps Engineer,15,15500,Product,1550.0
Brian,Kelly,briankelly121771@slingacademy.com,+1-029-019-2206x665,male,38,DevOps Engineer,12,15000,Product,1500.0
Susan,Lopez,susanlopez122522@slingacademy.com,573-472-7131,female,30,Machine Learning Engineer,8,9000,Product,900.0
Logan,Edwards,loganedwards123515@slingacademy.com,536.588.4331,male,36,Designer,14,16000,Product,1600.0
Ryan,Young,ryanyoung124775@slingacademy.com,001-105-720-6802x583,male,36,DevOps Engineer,13,15500,Product,1550.0
Rebecca,Crawford,rebeccacrawford125111@slingacademy.com,(450)663-6253x153,female,37,Web Developer,13,11500,Product,1150.0
Leslie,Sullivan,lesliesullivan126504@slingacademy.com,161.488.4614x1551,female,40,Tester,15,12500,Product,1250.0
Andrew,Carey,andrewcarey127127@slingacademy.com,4267904671,male,24,DevOps Engineer,1,9500,Product,950.0
Richard,Sawyer,richardsawyer128529@slingacademy.com,(485)441-3528,male,30,Mobile Developer,8,11000,Product,1100.0
Garrett,Nguyen,garrettnguyen129713@slingacademy.com,+1-370-218-5389x8154,male,36,Machine Learning Engineer,13,11500,Product,1150.0
Cody,Zuniga,codyzuniga130555@slingacademy.com,911.596.7824x40746,male,35,DevOps Engineer,13,15500,Product,1550.0
James,Johnson,jamesjohnson131504@slingacademy.com,358.400.3210,male,31,Tester,9,9500,Product,950.0
Jamie,Ruiz,jamieruiz132870@slingacademy.com,001-015-657-5863x0258,female,27,Tester,4,7000,Product,700.0
Brandi,Evans,brandievans133450@slingacademy.com,(388)123-2730x36223,female,29,Tester,5,8500,Product,850.0
Jennifer,Obrien,jenniferobrien134415@slingacademy.com,001-576-701-2547,female,40,Mobile Developer,14,12000,Product,1200.0
Whitney,Espinoza,whitneyespinoza135280@slingacademy.com,(395)465-0024x542,female,29,Machine Learning Engineer,7,11500,Product,1150.0
Brandon,Rosario,brandonrosario136801@slingacademy.com,5804460236,male,26,Mobile Developer,4,8000,Product,800.0
Jennifer,Rhodes,jenniferrhodes137946@slingacademy.com,+1-182-210-6837x27845,female,29,Web Developer,4,8000,Product,800.0
Jordan,Michael,jordanmichael138385@slingacademy.com,(372)150-9511,female,27,Mobile Developer,3,7500,Product,750.0
James,Knight,jamesknight139390@slingacademy.com,325.002.8388x1091,male,26,Web Developer,3,8500,Product,850.0
Michelle,Ramirez,michelleramirez140449@slingacademy.com,923.789.8867x807,female,27,Machine Learning Engineer,3,8500,Product,850.0
Peter,Mercado,petermercado141760@slingacademy.com,890-585-7726x64628,male,33,Mobile Developer,11,12500,Product,1250.0
Jason,George,jasongeorge142858@slingacademy.com,001-431-125-6069,male,25,Machine Learning Engineer,2,9000,Product,900.0
John,Arroyo,johnarroyo143863@slingacademy.com,6849186207,male,31,Machine Learning Engineer,5,7500,Product,750.0
Ashley,Mccann,ashleymccann144440@slingacademy.com,001-197-825-7624x4162,female,32,Web Developer,8,11000,Product,1100.0
John,Robinson,johnrobinson145915@slingacademy.com,(200)221-4696,male,31,DevOps Engineer,8,12000,Product,1200.0
Michael,Clark,michaelclark146199@slingacademy.com,(726)898-3126x779,male,32,Web Developer,6,8000,Product,800.0
Julia,Howe,juliahowe147145@slingacademy.com,270-885-8330x203,female,33,Web Developer,8,9000,Product,900.0
John,Roy,johnroy148826@slingacademy.com,001-579-003-5317x80657,male,31,DevOps Engineer,9,11500,Product,1150.0
Paul,Nguyen,paulnguyen149760@slingacademy.com,(601)907-3624x42015,male,39,Mobile Developer,14,12000,Product,1200.0
Chelsea,Lewis,chelsealewis150888@slingacademy.com,406-096-8891x1387,female,32,DevOps Engineer,10,13000,Product,1300.0
Austin,Bell,austinbell151766@slingacademy.com,819-364-7742x938,male,40,DevOps Engineer,15,16500,Product,1650.0
Paul,Allen,paulallen152619@slingacademy.com,2104766565,male,28,Mobile Developer,2,8000,Product,800.0
Gary,Oliver,garyoliver153551@slingacademy.com,001-307-413-8100,male,29,Mobile Developer,4,7000,Product,700.0
Diana,Bowers,dianabowers154842@slingacademy.com,(472)461-2314,female,29,Web Developer,3,7500,Product,750.0
Cody,Peters,codypeters155367@slingacademy.com,+1-538-563-4682x108,male,39,Mobile Developer,15,13500,Product,1350.0
Cameron,Gonzalez,camerongonzalez156781@slingacademy.com,001-671-656-9205,male,35,DevOps Engineer,13,14500,Product,1450.0
Shelia,Benson,sheliabenson157744@slingacademy.com,001-433-182-3042x4134,female,26,Mobile Developer,3,6500,Product,650.0
Jacqueline,Brooks,jacquelinebrooks158463@slingacademy.com,803-716-9920,female,33,DevOps Engineer,10,14000,Product,1400.0
William,Turner,williamturner159974@slingacademy.com,611.777.0181,male,33,Web Developer,11,12500,Product,1250.0
Lisa,Logan,lisalogan160552@slingacademy.com,631.001.6670x895,female,37,Web Developer,15,12500,Product,1250.0
Jeffery,Jones,jefferyjones161216@slingacademy.com,001-510-870-8941x9602,male,37,Mobile Developer,12,12000,Product,1200.0
Scott,Li,scottli162771@slingacademy.com,001-609-806-7966x06117,male,30,Mobile Developer,5,8500,Product,850.0
Chad,Roberson,chadroberson163525@slingacademy.com,001-589-932-4079,male,34,Mobile Developer,8,11000,Product,1100.0
Ariana,Hernandez,arianahernandez164467@slingacademy.com,502-552-5808,female,28,Web Developer,6,8000,Product,800.0
Wanda,Forbes,wandaforbes165141@slingacademy.com,666-855-7253x02322,female,29,Mobile Developer,7,10500,Product,1050.0
Edwin,Cortez,edwincortez166250@slingacademy.com,675.301.0657x798,male,33,Web Developer,9,9500,Product,950.0
Sharon,Smith,sharonsmith167760@slingacademy.com,(485)519-9948x286,female,34,DevOps Engineer,8,11000,Product,1100.0
Sherry,Oliver,sherryoliver168772@slingacademy.com,(104)702-6330,female,33,DevOps Engineer,7,11500,Product,1150.0
Eric,Moses,ericmoses169891@slingacademy.com,+1-443-662-4948x52464,male,36,Web Developer,12,12000,Product,1200.0
James,Ruiz,jamesruiz170534@slingacademy.com,001-589-861-6693x6009,male,27,Mobile Developer,3,8500,Product,850.0
Julie,Barber,juliebarber171592@slingacademy.com,600.551.1953x989,female,27,DevOps Engineer,1,7500,Product,750.0
Becky,Mcpherson,beckymcpherson172514@slingacademy.com,+1-373-821-4858x946,female,28,Web Developer,5,7500,Product,750.0
Nicole,Aguilar,nicoleaguilar173929@slingacademy.com,(114)183-5226x2535,female,26,Web Developer,1,7500,Product,750.0
Melissa,Lee,melissalee174832@slingacademy.com,262-107-4732,female,32,Mobile Developer,9,9500,Product,950.0
Ariana,Cochran,arianacochran175831@slingacademy.com,+1-248-824-7621,female,36,Web Developer,10,12000,Product,1200.0
Lisa,Carpenter,lisacarpenter176388@slingacademy.com,9008123667,female,32,Mobile Developer,9,9500,Product,950.0
Julie,Wilson,juliewilson177313@slingacademy.com,+1-671-886-0776x042,female,28,Mobile Developer,4,7000,Product,700.0
Martin,Crawford,martincrawford178513@slingacademy.com,001-938-266-9979x463,male,23,Mobile Developer,1,5500,Product,550.0
Daniel,Peterson,danielpeterson179804@slingacademy.com,240.063.9329x8093,male,27,DevOps Engineer,5,10500,Product,1050.0
Eric,Lambert,ericlambert180283@slingacademy.com,710-838-5229,male,36,Mobile Developer,10,10000,Product,1000.0
Marcia,Huerta,marciahuerta181175@slingacademy.com,001-611-947-0019x85361,female,32,Web Developer,6,8000,Product,800.0
Jason,Ortiz,jasonortiz182754@slingacademy.com,+1-614-334-4322x00332,male,33,Mobile Developer,9,9500,Product,950.0
Keith,Thomas,keiththomas183439@slingacademy.com,001-214-721-0561x945,male,28,Mobile Developer,5,9500,Product,950.0
Sarah,Freeman,sarahfreeman184758@slingacademy.com,786.837.6975x132,female,32,DevOps Engineer,9,13500,Product,1350.0
Michael,Galvan,michaelgalvan185989@slingacademy.com,+1-122-284-2113,male,28,Web Developer,2,8000,Product,800.0
Michael,Warner,michaelwarner186194@slingacademy.com,790-287-4075,male,29,Mobile Developer,5,7500,Product,750.0
Larry,Thompson,larrythompson187420@slingacademy.com,001-227-811-0040x004,male,39,Web Developer,14,12000,Product,1200.0
James,Miller,jamesmiller188412@slingacademy.com,(124)599-3895x76772,male,37,Mobile Developer,15,13500,Product,1350.0
James,Steele,jamessteele189191@slingacademy.com,839-171-3582x4182,male,35,Web Developer,10,10000,Product,1000.0
Joseph,Beck,josephbeck190237@slingacademy.com,+1-621-014-2831x0646,male,35,Mobile Developer,11,12500,Product,1250.0
Wayne,Cohen,waynecohen191993@slingacademy.com,(304)813-7854x1708,male,31,Web Developer,8,11000,Product,1100.0
Bailey,Reilly,baileyreilly192786@slingacademy.com,607.511.9983x28152,female,26,Mobile Developer,1,5500,Product,550.0
Yolanda,Smith,yolandasmith193826@slingacademy.com,(407)091-5393x213,female,30,Mobile Developer,7,10500,Product,1050.0
Kathleen,Leblanc,kathleenleblanc194890@slingacademy.com,401-896-0371x40763,female,29,Web Developer,4,9000,Product,900.0
Christina,Garza,christinagarza195263@slingacademy.com,273-987-3115,female,27,DevOps Engineer,4,9000,Product,900.0
Jennifer,Jarvis,jenniferjarvis196139@slingacademy.com,063-012-6389x05736,female,28,Mobile Developer,6,9000,Product,900.0
Jesse,Smith,jessesmith197279@slingacademy.com,+1-701-460-3317x90916,male,37,Web Developer,11,12500,Product,1250.0
Melissa,Richardson,melissarichardson198110@slingacademy.com,001-296-935-6456x91442,female,29,Mobile Developer,5,9500,Product,950.0
Michele,Stewart,michelestewart199951@slingacademy.com,944.042.1529,female,29,DevOps Engineer,7,12500,Product,1250.0
Jeremy,Gilbert,jeremygilbert200282@slingacademy.com,970-269-2119x437,male,29,Mobile Developer,4,9000,Product,900.0
Kevin,Valentine,kevinvalentine201488@slingacademy.com,+1-399-375-1890x40884,male,33,Web Developer,10,11000,Product,1100.0
Suzanne,Hurst,suzannehurst202425@slingacademy.com,2176055492,female,26,Mobile Developer,3,7500,Product,750.0
Janet,Stephens,janetstephens203449@slingacademy.com,696-753-3875,female,36,Web Developer,14,12000,Product,1200.0
Michael,Hoover,michaelhoover204983@slingacademy.com,(791)222-1972x3424,male,38,DevOps Engineer,13,15500,Product,1550.0
Terry,Jones,terryjones205228@slingacademy.com,905.333.2209x0122,male,34,Web Developer,10,12000,Product,1200.0
Breanna,Love,breannalove206374@slingacademy.com,(251)970-0774x9187,female,26,Web Developer,2,8000,Product,800.0
Elijah,Mcguire,elijahmcguire207166@slingacademy.com,430.390.1485x7262,male,28,Web Developer,2,8000,Product,800.0
Paige,Bell,paigebell208379@slingacademy.com,930-636-6697x67326,female,34,Mobile Developer,10,12000,Product,1200.0
Lauren,Logan,laurenlogan209754@slingacademy.com,001-449-766-2057,female,29,Web Developer,3,6500,Product,650.0
Gary,Watson,garywatson210844@slingacademy.com,001-099-534-3868x24842,male,35,Mobile Developer,12,12000,Product,1200.0
Andrea,Miller,andreamiller211593@slingacademy.com,(902)165-6805,female,38,Web Developer,13,13500,Product,1350.0
Stephen,Anderson,stephenanderson212709@slingacademy.com,730-398-8945,male,29,Web Developer,6,10000,Product,1000.0
Erica,Montgomery,ericamontgomery213699@slingacademy.com,(412)713-8016x79949,female,26,Web Developer,2,8000,Product,800.0
Mitchell,Olson,mitchellolson214954@slingacademy.com,+1-352-025-4146x308,male,25,Mobile Developer,3,7500,Product,750.0
Brenda,Leonard,brendaleonard215112@slingacademy.com,(451)560-3184x350,female,23,Mobile Developer,1,7500,Product,750.0
Sandra,Scott,sandrascott216500@slingacademy.com,420.609.2090,female,28,Web Developer,5,8500,Product,850.0
Terry,Jackson,terryjackson217122@slingacademy.com,(217)802-5632x0440,male,39,Web Developer,14,13000,Product,1300.0
John,Palmer,johnpalmer218164@slingacademy.com,(206)349-1934x449,male,37,Mobile Developer,14,14000,Product,1400.0
Brenda,Tapia,brendatapia219999@slingacademy.com,989-757-9111,female,37,Web Developer,11,11500,Product,1150.0
Donald,Gordon,donaldgordon220327@slingacademy.com,004.508.2105,male,32,Mobile Developer,6,9000,Product,900.0
David,Long,davidlong221467@slingacademy.com,095.663.3357,male,33,Mobile Developer,11,11500,Product,1150.0
Michael,Pratt,michaelpratt222638@slingacademy.com,001-149-139-6964,male,38,Mobile Developer,12,12000,Product,1200.0
Jessica,West,jessicawest223110@slingacademy.com,140.721.9576x9819,female,32,Mobile Developer,10,12000,Product,1200.0
David,Jennings,davidjennings224703@slingacademy.com,313.810.6293x369,male,41,Web Developer,15,12500,Product,1250.0
Alicia,Perry,aliciaperry225119@slingacademy.com,311-298-4100,female,27,Mobile Developer,1,7500,Product,750.0
Karen,Marsh,karenmarsh226577@slingacademy.com,001-710-599-6824x74838,female,28,Web Developer,3,7500,Product,750.0
Richard,Holder,richardholder227991@slingacademy.com,+1-977-600-1087x6268,male,35,Web Developer,10,11000,Product,1100.0
Ryan,Ponce,ryanponce228931@slingacademy.com,5497597305,male,33,Mobile Developer,7,9500,Product,950.0
Eddie,Riley,eddieriley229421@slingacademy.com,+1-976-524-6785,male,25,Mobile Developer,1,7500,Product,750.0
Zachary,Scott,zacharyscott230288@slingacademy.com,543-674-1419x7292,male,27,Mobile Developer,2,8000,Product,800.0
Kenneth,Nelson,kennethnelson231464@slingacademy.com,947.820.6507x32405,male,32,Mobile Developer,8,10000,Product,1000.0
Edgar,Lane,edgarlane232635@slingacademy.com,5537213761,male,28,Web Developer,6,10000,Product,1000.0
Jeremy,Cox,jeremycox233206@slingacademy.com,+1-155-126-0581x524,male,31,Web Developer,5,9500,Product,950.0
Rhonda,Hernandez,rhondahernandez234932@slingacademy.com,767-860-5296,female,37,Mobile Developer,15,14500,Product,1450.0
Ashley,Gilbert,ashleygilbert235162@slingacademy.com,+1-414-913-8588x9103,female,33,Mobile Developer,9,11500,Product,1150.0
Shawn,Shaw,shawnshaw236298@slingacademy.com,919-763-5353,male,36,Mobile Developer,13,12500,Product,1250.0
Ryan,Davis,ryandavis237462@slingacademy.com,(778)856-1719x931,male,29,Mobile Developer,3,8500,Product,850.0
Kristin,Bradley,kristinbradley238626@slingacademy.com,(402)457-2111,female,34,Web Developer,12,11000,Product,1100.0
Christopher,Drake,christopherdrake239403@slingacademy.com,659-857-8858,male,31,Mobile Developer,9,9500,Product,950.0
Justin,Clark,justinclark240285@slingacademy.com,094.521.1972x38513,male,30,Web Developer,8,11000,Product,1100.0
Scott,Owens,scottowens241483@slingacademy.com,487.884.3426x95702,male,35,Web Developer,11,12500,Product,1250.0
Rebecca,Nelson,rebeccanelson242256@slingacademy.com,+1-319-257-8912x87517,female,23,Mobile Developer,1,7500,Product,750.0
Erin,Green,eringreen243810@slingacademy.com,765-014-8238x735,female,23,Web Developer,1,6500,Product,650.0
Paul,Page,paulpage244408@slingacademy.com,001-548-349-5980x11429,male,26,Mobile Developer,1,5500,Product,550.0
Jamie,Ball,jamieball245345@slingacademy.com,001-521-608-0441,female,25,Mobile Developer,3,6500,Product,650.0
Sonya,Williams,sonyawilliams246780@slingacademy.com,001-534-324-6100x2516,female,30,Mobile Developer,4,7000,Product,700.0
Leslie,Burton,leslieburton247488@slingacademy.com,279-096-0603,female,38,Web Developer,15,12500,Product,1250.0
Daniel,Joseph,danieljoseph248143@slingacademy.com,101-113-1630x442,male,32,Web Developer,10,10000,Product,1000.0
Julie,Grimes,juliegrimes249118@slingacademy.com,671-825-5709,female,32,Web Developer,10,11000,Product,1100.0
Michael,Davis,michaeldavis250373@slingacademy.com,771.340.7743x808,male,29,Mobile Developer,6,10000,Product,1000.0
Stephen,Hoover,stephenhoover251356@slingacademy.com,001-012-427-6550,male,29,Mobile Developer,6,8000,Product,800.0
Damon,Sanders,damonsanders252816@slingacademy.com,0176247153,male,31,Web Developer,6,9000,Product,900.0
Adam,Pratt,adampratt253273@slingacademy.com,829.922.4683,male,37,Web Developer,14,14000,Product,1400.0
Jesse,Gonzalez,jessegonzalez254731@slingacademy.com,853.691.9747,male,25,Web Developer,3,8500,Product,850.0
Debra,Cruz,debracruz255511@slingacademy.com,481.706.7985x840,female,36,Mobile Developer,13,13500,Product,1350.0
Gregory,Smith,gregorysmith256470@slingacademy.com,+1-044-346-7655x68675,male,31,Mobile Developer,5,7500,Product,750.0
Natasha,Cook,natashacook257144@slingacademy.com,975-551-0070,female,35,Web Developer,11,10500,Product,1050.0
Robert,Weber,robertweber258728@slingacademy.com,018.297.6175x4163,male,32,Mobile Developer,7,9500,Product,950.0
Carly,Thompson,carlythompson259241@slingacademy.com,(850)197-6611,female,27,Web Developer,1,5500,Product,550.0
Maureen,Campbell,maureencampbell260229@slingacademy.com,168-469-7587,female,29,Mobile Developer,7,9500,Product,950.0
Alex,Brown,alexbrown261949@slingacademy.com,259.588.0503x6257,male,31,Web Developer,5,9500,Product,950.0
Breanna,Allen,breannaallen262722@slingacademy.com,+1-160-924-8899x786,female,38,Mobile Developer,14,12000,Product,1200.0
Michael,Pearson,michaelpearson263989@slingacademy.com,8006107617,male,30,Web Developer,4,7000,Product,700.0
Cheryl,Lewis,cheryllewis264411@slingacademy.com,(806)267-8045,female,28,Web Developer,6,8000,Product,800.0
Megan,Brown,meganbrown265895@slingacademy.com,596-551-1329,female,23,Web Developer,1,6500,Product,650.0
Linda,Haynes,lindahaynes266984@slingacademy.com,331-850-1266x1106,female,29,Mobile Developer,7,8500,Product,850.0
Kathy,Palmer,kathypalmer267804@slingacademy.com,(616)797-1560x17533,female,36,Web Developer,12,11000,Product,1100.0
Tammy,Ball,tammyball268170@slingacademy.com,8439547062,female,23,Mobile Developer,1,5500,Product,550.0
Samuel,Reed,samuelreed269624@slingacademy.com,001-177-232-8430x261,male,34,Mobile Developer,8,10000,Product,1000.0
Erik,Page,erikpage270609@slingacademy.com,+1-859-269-6655,male,32,Web Developer,9,10500,Product,1050.0
Tristan,Price,tristanprice271230@slingacademy.com,001-369-038-1224,male,38,Mobile Developer,15,12500,Product,1250.0
Natalie,Skinner,natalieskinner272142@slingacademy.com,+1-655-446-8826x40636,female,34,Mobile Developer,12,12000,Product,1200.0
Nicole,Castro,nicolecastro273516@slingacademy.com,(185)855-4760x61049,female,34,Web Developer,9,10500,Product,1050.0
Natasha,Hughes,natashahughes274687@slingacademy.com,+1-124-853-7387x3710,female,28,Mobile Developer,6,9000,Product,900.0
Pamela,Herrera,pamelaherrera275422@slingacademy.com,400-991-8270x7992,female,32,Web Developer,6,8000,Product,800.0
Gary,Houston,garyhouston276947@slingacademy.com,(487)936-5416x279,male,25,Mobile Developer,1,6500,Product,650.0
Peter,Johnson,peterjohnson277327@slingacademy.com,+1-219-520-1055x479,male,27,Mobile Developer,5,7500,Product,750.0
April,Houston,aprilhouston278122@slingacademy.com,001-825-098-6223x1127,female,27,Mobile Developer,3,6500,Product,650.0
Adam,Martinez,adammartinez279637@slingacademy.com,910.407.8536x8933,male,35,Mobile Developer,9,11500,Product,1150.0
William,Peters,williampeters280898@slingacademy.com,599.847.1624x20379,male,30,Web Developer,7,8500,Product,850.0
Meagan,Henderson,meaganhenderson281151@slingacademy.com,373-405-5460x036,female,30,Web Developer,8,9000,Product,900.0
Charles,West,charleswest282127@slingacademy.com,524-024-2894x074,male,26,Web Developer,2,8000,Product,800.0
Rebecca,Jackson,rebeccajackson283741@slingacademy.com,(112)301-1517,female,27,Mobile Developer,2,8000,Product,800.0
Alec,Maldonado,alecmaldonado284453@slingacademy.com,+1-484-025-5906,male,33,Mobile Developer,7,9500,Product,950.0
Michele,Edwards,micheleedwards285969@slingacademy.com,4055420736,female,40,Web Developer,14,12000,Product,1200.0
John,Hall,johnhall286107@slingacademy.com,067.730.7206x26078,male,36,Web Developer,12,13000,Product,1300.0
Justin,Perry,justinperry287419@slingacademy.com,275.822.1785x29297,male,41,Mobile Developer,15,14500,Product,1450.0
Lauren,Norton,laurennorton288284@slingacademy.com,911.635.9394x29045,female,27,Web Developer,3,6500,Product,650.0
Omar,Soto,omarsoto289950@slingacademy.com,001-774-441-0174x8586,male,30,Web Developer,5,8500,Product,850.0
Michael,Howard,michaelhoward290216@slingacademy.com,6585788235,male,39,Web Developer,15,14500,Product,1450.0
Kathleen,Green,kathleengreen291790@slingacademy.com,001-923-032-1044x57810,female,35,Mobile Developer,9,10500,Product,1050.0
Kent,Thompson,kentthompson292193@slingacademy.com,+1-691-327-2406x73013,male,38,Web Developer,13,11500,Product,1150.0
Benjamin,Wilson,benjaminwilson293449@slingacademy.com,628-559-3098x06279,male,24,Mobile Developer,1,5500,Product,550.0
Steven,Vaughn,stevenvaughn294759@slingacademy.com,901.710.4683x57441,male,32,Mobile Developer,10,11000,Product,1100.0
Michael,Tyler,michaeltyler295487@slingacademy.com,785-352-2310,male,33,Web Developer,11,10500,Product,1050.0
Richard,Lin,richardlin296285@slingacademy.com,471-829-6568,male,28,Web Developer,6,10000,Product,1000.0
Jennifer,Williams,jenniferwilliams297896@slingacademy.com,282.970.3806x592,female,37,Web Developer,13,12500,Product,1250.0
Shelley,Hubbard,shelleyhubbard298845@slingacademy.com,421-623-0945x9287,female,30,Web Developer,7,8500,Product,850.0
Sean,Choi,seanchoi299793@slingacademy.com,(533)756-8696x245,male,28,Web Developer,2,7000,Product,700.0
Marie,Gross,mariegross300870@slingacademy.com,(634)561-4487x82457,female,32,Web Developer,7,8500,Product,850.0
Tracy,Leon,tracyleon301263@slingacademy.com,780.596.2863x992,female,32,Web Developer,8,11000,Product,1100.0
Steven,Peterson,stevenpeterson302672@slingacademy.com,001-509-989-9496x2175,male,35,Web Developer,12,11000,Product,1100.0
Justin,Webster,justinwebster303292@slingacademy.com,001-990-293-4626,male,32,Web Developer,8,11000,Product,1100.0
Courtney,Stanley,courtneystanley304326@slingacademy.com,625.311.0983x89652,female,28,Web Developer,4,7000,Product,700.0
Walter,Crawford,waltercrawford305879@slingacademy.com,(477)112-0518,male,34,Web Developer,12,12000,Product,1200.0
Danielle,Sparks,daniellesparks306675@slingacademy.com,(670)805-6201x50813,female,26,Web Developer,2,8000,Product,800.0
Cheryl,Rose,cherylrose307221@slingacademy.com,+1-058-620-9983x70605,female,26,Web Developer,4,7000,Product,700.0
Justin,Mann,justinmann308432@slingacademy.com,718-998-3978,male,25,Web Developer,3,7500,Product,750.0
Vanessa,Carter,vanessacarter309183@slingacademy.com,(620)811-3763,female,26,Web Developer,1,5500,Product,550.0
Anthony,Colon,anthonycolon310698@slingacademy.com,001-388-080-7123x3000,male,34,Web Developer,12,12000,Product,1200.0
April,Holland,aprilholland311155@slingacademy.com,001-527-705-3200x648,female,37,Web Developer,15,14500,Product,1450.0
Bill,Anderson,billanderson312995@slingacademy.com,(202)724-9857,male,39,Web Developer,14,14000,Product,1400.0
Kelsey,Moss,kelseymoss313481@slingacademy.com,206-016-2029,female,38,Web Developer,14,12000,Product,1200.0
Maureen,Phillips,maureenphillips314243@slingacademy.com,+1-837-401-4253x976,female,26,Web Developer,2,7000,Product,700.0
Michelle,Hooper,michellehooper315396@slingacademy.com,401.041.6802,female,29,Web Developer,4,9000,Product,900.0
Steven,Lewis,stevenlewis316274@slingacademy.com,+1-584-489-5663x896,male,34,Web Developer,11,11500,Product,1150.0
Kevin,Rodriguez,kevinrodriguez317974@slingacademy.com,001-511-226-4416x83410,male,29,Web Developer,5,8500,Product,850.0
Alexandra,Bell,alexandrabell318109@slingacademy.com,+1-426-702-6363x565,female,39,Web Developer,14,13000,Product,1300.0
Courtney,Mcdaniel,courtneymcdaniel319568@slingacademy.com,(871)098-2647x80448,female,28,Web Developer,3,8500,Product,850.0
